time,open,high,low,volume
2020-08-18 20:00:00,2.09000000,4.44000000,2.00000000,6039881.97000000
2020-08-18 21:00:00,3.10000000,3.14000000,2.97380000,1554670.37000000
2020-08-18 22:00:00,3.10500000,3.12990000,3.05840000,813079.44000000
2020-08-18 23:00:00,3.10820000,3.11240000,2.90000000,1472769.86000000
2020-08-19 00:00:00,2.96310000,3.00320000,2.64000000,1768853.60000000
2020-08-19 01:00:00,2.88500000,3.06800000,2.81100000,1328188.15000000
2020-08-19 02:00:00,2.93340000,3.07550000,2.87500000,798876.03000000
2020-08-19 03:00:00,2.92550000,3.04000000,2.90000000,534111.70000000
2020-08-19 04:00:00,3.00950000,3.19990000,2.99110000,1717178.18000000
2020-08-19 05:00:00,3.19500000,3.19500000,3.01000000,682238.57000000
2020-08-19 06:00:00,3.03610000,3.13000000,3.01020000,473679.67000000
2020-08-19 07:00:00,3.04970000,3.09000000,2.90000000,495485.40000000
2020-08-19 08:00:00,3.00060000,3.01000000,2.93000000,309270.07000000
2020-08-19 09:00:00,3.00000000,3.00060000,2.90000000,429332.76000000
2020-08-19 10:00:00,2.98980000,3.00780000,2.90110000,589033.02000000
2020-08-19 11:00:00,2.94310000,3.00800000,2.93530000,344814.45000000
2020-08-19 12:00:00,2.99360000,2.99360000,2.94000000,331131.03000000
2020-08-19 13:00:00,2.94250000,3.02980000,2.91670000,358252.08000000
2020-08-19 14:00:00,3.00020000,3.01810000,2.95050000,180675.59000000
2020-08-19 15:00:00,2.98300000,2.99560000,2.76220000,439835.25000000
2020-08-19 16:00:00,2.90000000,2.94910000,2.72000000,392959.28000000
2020-08-19 17:00:00,2.80270000,2.90650000,2.79180000,198732.77000000
2020-08-19 18:00:00,2.89910000,3.00780000,2.88170000,213537.92000000
2020-08-19 19:00:00,2.99970000,3.03500000,2.93330000,286635.99000000
2020-08-19 20:00:00,2.93510000,2.98680000,2.90010000,182433.74000000
2020-08-19 21:00:00,2.94490000,2.99900000,2.85940000,262916.69000000
2020-08-19 22:00:00,2.88190000,2.91990000,2.85000000,241812.63000000
2020-08-19 23:00:00,2.90010000,2.91050000,2.72000000,596815.47000000
2020-08-20 00:00:00,2.75750000,2.82000000,2.71500000,314506.90000000
2020-08-20 01:00:00,2.75000000,2.80000000,2.72050000,271646.39000000
2020-08-20 02:00:00,2.75310000,2.77440000,2.67590000,291642.29000000
2020-08-20 03:00:00,2.73450000,2.78540000,2.68330000,261773.52000000
2020-08-20 04:00:00,2.76620000,2.91500000,2.76620000,394024.68000000
2020-08-20 05:00:00,2.83110000,2.88860000,2.80380000,188996.27000000
2020-08-20 06:00:00,2.84230000,2.89650000,2.83130000,172986.32000000
2020-08-20 07:00:00,2.84540000,2.86000000,2.78030000,537375.77000000
2020-08-20 08:00:00,2.84990000,2.89500000,2.84410000,409575.36000000
2020-08-20 09:00:00,2.87150000,2.93980000,2.85000000,439185.79000000
2020-08-20 10:00:00,2.85620000,2.88270000,2.81330000,230770.04000000
2020-08-20 11:00:00,2.83510000,2.87190000,2.80000000,302249.65000000
2020-08-20 12:00:00,2.87070000,3.03000000,2.85470000,832567.64000000
2020-08-20 13:00:00,3.00720000,3.11110000,2.98350000,701312.17000000
2020-08-20 14:00:00,3.05020000,3.10000000,2.99010000,410177.89000000
2020-08-20 15:00:00,3.02890000,3.02900000,2.86000000,544690.31000000
2020-08-20 16:00:00,2.87030000,2.91690000,2.82000000,719112.74000000
2020-08-20 17:00:00,2.88320000,2.89250000,2.81000000,399841.09000000
2020-08-20 18:00:00,2.81500000,3.00000000,2.78000000,553692.61000000
2020-08-20 19:00:00,2.79870000,2.85180000,2.60000000,1526847.73000000
2020-08-20 20:00:00,2.77210000,2.91470000,2.77000000,436343.65000000
2020-08-20 21:00:00,2.89780000,2.92400000,2.88040000,267995.23000000
2020-08-20 22:00:00,2.90890000,2.95700000,2.90380000,353856.20000000
2020-08-20 23:00:00,2.94080000,2.95000000,2.68960000,919237.68000000
2020-08-21 00:00:00,2.70900000,2.85840000,2.68260000,472969.16000000
2020-08-21 01:00:00,2.84070000,2.89000000,2.79030000,465335.99000000
2020-08-21 02:00:00,2.83360000,2.89900000,2.80010000,248915.80000000
2020-08-21 03:00:00,2.86790000,2.92180000,2.85000000,599494.13000000
2020-08-21 04:00:00,2.90600000,2.95120000,2.86530000,349575.67000000
2020-08-21 05:00:00,2.95100000,3.09000000,2.94500000,780840.73000000
2020-08-21 06:00:00,3.04010000,3.08990000,2.90100000,573826.41000000
2020-08-21 07:00:00,2.90100000,3.02710000,2.89670000,456671.15000000
2020-08-21 08:00:00,3.00250000,3.01990000,2.84000000,317167.35000000
2020-08-21 09:00:00,2.89540000,2.96960000,2.83110000,286613.15000000
2020-08-21 10:00:00,2.95930000,2.96660000,2.92000000,257702.64000000
2020-08-21 11:00:00,2.93020000,2.95090000,2.86000000,405485.47000000
2020-08-21 12:00:00,2.93670000,2.94930000,2.86710000,366741.49000000
2020-08-21 13:00:00,2.91060000,2.93850000,2.87930000,160000.61000000
2020-08-21 14:00:00,2.93250000,2.97170000,2.91000000,176840.05000000
2020-08-21 15:00:00,2.93470000,3.00000000,2.89000000,372935.34000000
2020-08-21 16:00:00,3.00000000,3.02800000,2.84410000,866974.62000000
2020-08-21 17:00:00,2.92380000,2.98820000,2.84370000,368468.12000000
2020-08-21 18:00:00,2.89870000,2.93300000,2.86000000,239905.21000000
2020-08-21 19:00:00,2.88540000,2.91280000,2.82000000,300320.34000000
2020-08-21 20:00:00,2.85570000,2.90920000,2.83040000,157281.20000000
2020-08-21 21:00:00,2.83870000,2.87000000,2.78200000,300185.74000000
2020-08-21 22:00:00,2.81000000,2.86420000,2.78300000,306438.46000000
2020-08-21 23:00:00,2.84000000,2.87000000,2.82000000,138519.70000000
2020-08-22 00:00:00,2.85710000,2.94860000,2.85200000,277529.92000000
2020-08-22 01:00:00,2.93610000,2.94210000,2.86750000,245989.27000000
2020-08-22 02:00:00,2.91020000,2.96000000,2.87430000,243998.09000000
2020-08-22 03:00:00,2.93540000,2.96020000,2.90150000,265596.79000000
2020-08-22 04:00:00,2.95520000,3.68680000,2.95450000,5083463.17000000
2020-08-22 05:00:00,3.41220000,3.82000000,3.21100000,3649898.18000000
2020-08-22 06:00:00,3.81880000,4.01900000,3.60200000,4129048.33000000
2020-08-22 07:00:00,3.89200000,3.98000000,3.63630000,2701590.43000000
2020-08-22 08:00:00,3.82000000,3.86000000,3.65000000,1431392.79000000
2020-08-22 09:00:00,3.82050000,3.85000000,3.50100000,2522718.64000000
2020-08-22 10:00:00,3.64140000,4.03130000,3.63500000,2686263.20000000
2020-08-22 11:00:00,3.81490000,3.93530000,3.60000000,2871161.02000000
2020-08-22 12:00:00,3.82410000,3.89180000,3.73950000,1145146.61000000
2020-08-22 13:00:00,3.82260000,4.00000000,3.78150000,1508906.34000000
2020-08-22 14:00:00,3.99010000,4.19000000,3.84960000,2345558.43000000
2020-08-22 15:00:00,4.16460000,4.36340000,4.09210000,3002631.20000000
2020-08-22 16:00:00,4.24540000,4.33190000,4.13300000,1150635.69000000
2020-08-22 17:00:00,4.21970000,4.28880000,4.05600000,1086114.95000000
2020-08-22 18:00:00,4.09820000,4.30000000,3.93330000,1553619.38000000
2020-08-22 19:00:00,4.26470000,4.30000000,4.10920000,888151.71000000
2020-08-22 20:00:00,4.23960000,4.55000000,4.23920000,2076918.47000000
2020-08-22 21:00:00,4.47560000,4.48640000,4.24680000,1435644.66000000
2020-08-22 22:00:00,4.28250000,4.41660000,4.13200000,1100079.62000000
2020-08-22 23:00:00,4.41000000,4.41330000,4.21000000,746797.18000000
2020-08-23 00:00:00,4.31000000,4.31510000,4.02020000,1473303.08000000
2020-08-23 01:00:00,4.10000000,4.26000000,4.02790000,717698.09000000
2020-08-23 02:00:00,4.25990000,4.27760000,4.09000000,579994.74000000
2020-08-23 03:00:00,4.14730000,4.14970000,4.01000000,811721.32000000
2020-08-23 04:00:00,4.13860000,4.26910000,4.11020000,549976.39000000
2020-08-23 05:00:00,4.20930000,4.22550000,4.12020000,583962.40000000
2020-08-23 06:00:00,4.13350000,4.19380000,4.12900000,501210.15000000
2020-08-23 07:00:00,4.18000000,4.18330000,3.80290000,2221928.19000000
2020-08-23 08:00:00,3.90000000,3.98880000,3.71700000,1858100.57000000
2020-08-23 09:00:00,3.74180000,3.93190000,3.70320000,2241666.16000000
2020-08-23 10:00:00,3.84700000,3.97360000,3.82140000,1178728.39000000
2020-08-23 11:00:00,3.83800000,3.91020000,3.78020000,1116829.94000000
2020-08-23 12:00:00,3.84560000,3.91560000,3.71850000,1250089.02000000
2020-08-23 13:00:00,3.91000000,3.91830000,3.72400000,964304.81000000
2020-08-23 14:00:00,3.78090000,3.88800000,3.75000000,531725.61000000
2020-08-23 15:00:00,3.76330000,3.88620000,3.75250000,398467.00000000
2020-08-23 16:00:00,3.84370000,4.10000000,3.84280000,745188.42000000
2020-08-23 17:00:00,4.04310000,4.12850000,3.94680000,606483.80000000
2020-08-23 18:00:00,3.98070000,4.05810000,3.89100000,802805.12000000
2020-08-23 19:00:00,3.91050000,3.92440000,3.85400000,436567.23000000
2020-08-23 20:00:00,3.92060000,4.12840000,3.92060000,992037.76000000
2020-08-23 21:00:00,3.98050000,4.01980000,3.86500000,617907.98000000
2020-08-23 22:00:00,3.94000000,3.94800000,3.80000000,617121.59000000
2020-08-23 23:00:00,3.82000000,4.00000000,3.78000000,1182038.33000000
2020-08-24 00:00:00,3.87990000,3.95730000,3.85840000,389278.59000000
2020-08-24 01:00:00,3.94710000,4.00000000,3.85210000,611220.61000000
2020-08-24 02:00:00,3.99920000,4.04160000,3.92530000,812468.74000000
2020-08-24 03:00:00,3.96880000,4.14000000,3.96870000,973810.62000000
2020-08-24 04:00:00,4.05840000,4.11530000,3.94700000,1192036.92000000
2020-08-24 05:00:00,3.96380000,4.03120000,3.90010000,765529.71000000
2020-08-24 06:00:00,3.93210000,4.07600000,3.93210000,734485.67000000
2020-08-24 07:00:00,4.04660000,4.15980000,4.02250000,1110537.20000000
2020-08-24 08:00:00,4.07900000,4.16010000,4.01740000,1018211.62000000
2020-08-24 09:00:00,4.15410000,4.31970000,4.10000000,1588536.70000000
2020-08-24 10:00:00,4.27180000,4.27850000,4.16900000,1175298.44000000
2020-08-24 11:00:00,4.26130000,4.29000000,4.11940000,985900.23000000
2020-08-24 12:00:00,4.16280000,4.25290000,4.10000000,732685.27000000
2020-08-24 13:00:00,4.21050000,4.38760000,4.17550000,1217247.58000000
2020-08-24 14:00:00,4.38290000,4.49990000,4.30000000,2734044.43000000
2020-08-24 15:00:00,4.42760000,4.42760000,4.27500000,1016123.62000000
2020-08-24 16:00:00,4.28100000,4.48500000,4.27700000,775486.28000000
2020-08-24 17:00:00,4.44900000,4.67000000,4.35000000,1620862.78000000
2020-08-24 18:00:00,4.66090000,4.77000000,4.59640000,1677260.30000000
2020-08-24 19:00:00,4.69830000,4.79830000,4.57710000,1341622.22000000
2020-08-24 20:00:00,4.69940000,4.76000000,4.54000000,954237.69000000
2020-08-24 21:00:00,4.57590000,4.68290000,4.48000000,925631.26000000
2020-08-24 22:00:00,4.61290000,4.88000000,4.57470000,1112429.22000000
2020-08-24 23:00:00,4.86470000,4.92200000,4.71000000,1848757.82000000
2020-08-25 00:00:00,4.71300000,4.89350000,4.66920000,1273827.46000000
2020-08-25 01:00:00,4.82790000,4.86860000,4.73610000,963933.80000000
2020-08-25 02:00:00,4.85140000,4.99470000,4.84330000,1826041.02000000
2020-08-25 03:00:00,4.85890000,4.87000000,4.68000000,1715627.04000000
2020-08-25 04:00:00,4.71160000,4.84800000,4.57000000,1698827.75000000
2020-08-25 05:00:00,4.71080000,4.74560000,4.52500000,1321057.07000000
2020-08-25 06:00:00,4.70920000,4.75370000,4.63560000,715213.19000000
2020-08-25 07:00:00,4.68680000,4.92900000,4.68340000,1000022.28000000
2020-08-25 08:00:00,4.88240000,4.98000000,4.78380000,1055523.44000000
2020-08-25 09:00:00,4.93010000,4.95000000,4.65000000,1929225.77000000
2020-08-25 10:00:00,4.78500000,4.91090000,4.74260000,1183383.89000000
2020-08-25 11:00:00,4.82760000,4.83100000,4.61880000,1523306.02000000
2020-08-25 12:00:00,4.73430000,4.81000000,4.65500000,1087306.86000000
2020-08-25 13:00:00,4.78950000,5.35000000,4.77000000,4833685.69000000
2020-08-25 14:00:00,5.19210000,5.42340000,5.10000000,2681028.33000000
2020-08-25 15:00:00,5.36500000,5.42000000,5.17500000,1943921.07000000
2020-08-25 16:00:00,5.31720000,5.49300000,5.30950000,1333265.81000000
2020-08-25 17:00:00,5.39900000,5.69830000,5.31470000,1847416.50000000
2020-08-25 18:00:00,5.66110000,5.77000000,5.35750000,2470103.88000000
2020-08-25 19:00:00,5.41180000,5.47940000,5.26000000,1881849.18000000
2020-08-25 20:00:00,5.35140000,5.54150000,5.33570000,1285985.64000000
2020-08-25 21:00:00,5.54120000,5.60000000,5.38530000,1296857.04000000
2020-08-25 22:00:00,5.50140000,5.68400000,5.44400000,1401349.00000000
2020-08-25 23:00:00,5.67620000,5.68500000,5.31250000,1480427.03000000
2020-08-26 00:00:00,5.36640000,5.53320000,5.36220000,898156.44000000
2020-08-26 01:00:00,5.42940000,5.52000000,5.39820000,913499.55000000
2020-08-26 02:00:00,5.40320000,5.48610000,5.30000000,1047096.62000000
2020-08-26 03:00:00,5.31520000,5.37990000,5.18660000,1380968.89000000
2020-08-26 04:00:00,5.24000000,5.43000000,5.10150000,1729305.90000000
2020-08-26 05:00:00,5.37510000,5.57740000,5.28200000,1443467.32000000
2020-08-26 06:00:00,5.47590000,5.74320000,5.45690000,1535176.01000000
2020-08-26 07:00:00,5.55430000,5.62560000,5.46930000,962088.59000000
2020-08-26 08:00:00,5.53210000,5.60200000,5.34230000,912649.75000000
2020-08-26 09:00:00,5.42550000,5.54900000,5.33590000,1036603.16000000
2020-08-26 10:00:00,5.40520000,5.64000000,5.39660000,1243675.15000000
2020-08-26 11:00:00,5.57470000,6.03990000,5.55550000,3204129.19000000
2020-08-26 12:00:00,5.96340000,6.35000000,5.90000000,2976607.87000000
2020-08-26 13:00:00,6.32850000,6.57000000,6.14410000,3967384.84000000
2020-08-26 14:00:00,6.40160000,6.47260000,6.22220000,1880389.49000000
2020-08-26 15:00:00,6.32850000,6.40000000,6.18200000,1267640.23000000
2020-08-26 16:00:00,6.30610000,6.40000000,6.20590000,920916.06000000
2020-08-26 17:00:00,6.28860000,6.41830000,6.19000000,1220458.55000000
2020-08-26 18:00:00,6.25080000,6.34000000,5.90000000,2300043.07000000
2020-08-26 19:00:00,6.10620000,6.26270000,5.81000000,1420802.89000000
2020-08-26 20:00:00,5.81000000,6.20090000,5.80220000,1371827.10000000
2020-08-26 21:00:00,6.07080000,6.29020000,6.07080000,1183294.57000000
2020-08-26 22:00:00,6.14320000,6.42000000,6.14310000,1037559.66000000
2020-08-26 23:00:00,6.28160000,6.29860000,5.99200000,1272960.09000000
2020-08-27 00:00:00,6.09800000,6.26250000,6.07520000,648885.41000000
2020-08-27 01:00:00,6.24400000,6.36000000,6.10110000,729849.81000000
2020-08-27 02:00:00,6.14110000,6.25640000,6.10470000,741255.37000000
2020-08-27 03:00:00,6.16910000,6.71800000,6.15410000,1958941.75000000
2020-08-27 04:00:00,6.71150000,6.80000000,6.57930000,2407061.05000000
2020-08-27 05:00:00,6.70150000,6.70440000,6.27000000,2117104.75000000
2020-08-27 06:00:00,6.29910000,6.49150000,6.28500000,1177011.02000000
2020-08-27 07:00:00,6.39010000,6.40080000,5.82000000,4299412.32000000
2020-08-27 08:00:00,6.09000000,6.09570000,5.60550000,4067845.57000000
2020-08-27 09:00:00,5.74650000,5.98800000,5.65010000,2495572.73000000
2020-08-27 10:00:00,5.87810000,6.33000000,5.86330000,3022742.61000000
2020-08-27 11:00:00,5.99350000,6.03970000,5.75000000,2221338.97000000
2020-08-27 12:00:00,5.97140000,6.04790000,5.79100000,1148641.56000000
2020-08-27 13:00:00,5.88430000,5.89870000,5.27620000,4013924.43000000
2020-08-27 14:00:00,5.39920000,5.58200000,5.20010000,3036965.39000000
2020-08-27 15:00:00,5.54490000,5.69900000,5.45640000,1252670.43000000
2020-08-27 16:00:00,5.68080000,5.80000000,5.49160000,1464554.67000000
2020-08-27 17:00:00,5.59180000,5.71990000,5.51390000,611252.74000000
2020-08-27 18:00:00,5.60440000,5.76000000,5.58710000,480891.93000000
2020-08-27 19:00:00,5.70570000,5.81590000,5.57000000,892068.21000000
2020-08-27 20:00:00,5.58420000,5.71600000,5.58000000,344531.38000000
2020-08-27 21:00:00,5.65690000,5.91040000,5.62000000,846514.33000000
2020-08-27 22:00:00,5.86520000,6.11840000,5.80590000,1694937.26000000
2020-08-27 23:00:00,5.92260000,6.02530000,5.79050000,1312948.22000000
2020-08-28 00:00:00,5.79080000,5.91540000,5.74080000,763272.90000000
2020-08-28 01:00:00,5.90210000,5.95210000,5.80970000,905111.62000000
2020-08-28 02:00:00,5.90480000,5.93000000,5.81100000,465774.37000000
2020-08-28 03:00:00,5.86460000,5.87020000,5.60800000,954740.30000000
2020-08-28 04:00:00,5.68040000,5.73400000,5.46200000,1455756.64000000
2020-08-28 05:00:00,5.50000000,5.71620000,5.49980000,841901.17000000
2020-08-28 06:00:00,5.58260000,5.74910000,5.57530000,945626.03000000
2020-08-28 07:00:00,5.72590000,5.85340000,5.68060000,727089.44000000
2020-08-28 08:00:00,5.83360000,5.83680000,5.68820000,583519.11000000
2020-08-28 09:00:00,5.73120000,5.98280000,5.70530000,1066623.36000000
2020-08-28 10:00:00,5.85910000,6.02400000,5.84370000,1077491.22000000
2020-08-28 11:00:00,6.00800000,6.17000000,5.95540000,1660397.57000000
2020-08-28 12:00:00,6.05040000,6.32020000,6.02530000,2762159.18000000
2020-08-28 13:00:00,6.24750000,6.35000000,6.05450000,1557667.14000000
2020-08-28 14:00:00,6.06680000,6.29330000,6.06460000,1014198.00000000
2020-08-28 15:00:00,6.16000000,6.27230000,6.14630000,508320.82000000
2020-08-28 16:00:00,6.18470000,6.33100000,6.17540000,709657.65000000
2020-08-28 17:00:00,6.29590000,6.31340000,6.09500000,656437.67000000
2020-08-28 18:00:00,6.14820000,6.26570000,6.10610000,383117.95000000
2020-08-28 19:00:00,6.24260000,6.27650000,6.07310000,539316.68000000
2020-08-28 20:00:00,6.16490000,6.23030000,5.98000000,586594.00000000
2020-08-28 21:00:00,6.17690000,6.19840000,6.00320000,460830.65000000
2020-08-28 22:00:00,6.04980000,6.15570000,6.04980000,418971.72000000
2020-08-28 23:00:00,6.07350000,6.18080000,6.03500000,424034.98000000
2020-08-29 00:00:00,6.16810000,6.21500000,6.15300000,334554.87000000
2020-08-29 01:00:00,6.16020000,6.16160000,6.03500000,498067.65000000
2020-08-29 02:00:00,6.11070000,6.20000000,6.07920000,312111.44000000
2020-08-29 03:00:00,6.19340000,6.21390000,6.14430000,451491.70000000
2020-08-29 04:00:00,6.20340000,6.45320000,6.17320000,1205527.58000000
2020-08-29 05:00:00,6.35380000,6.45470000,6.32000000,775092.33000000
2020-08-29 06:00:00,6.39460000,6.55600000,6.35770000,1110114.70000000
2020-08-29 07:00:00,6.51970000,6.54000000,6.26610000,1197838.17000000
2020-08-29 08:00:00,6.31150000,6.35290000,6.15200000,1066846.40000000
2020-08-29 09:00:00,6.28600000,6.34650000,6.19770000,560179.15000000
2020-08-29 10:00:00,6.26040000,6.33810000,6.16530000,608529.82000000
2020-08-29 11:00:00,6.19690000,6.28710000,6.17000000,740560.43000000
2020-08-29 12:00:00,6.25490000,6.38000000,6.24780000,780495.22000000
2020-08-29 13:00:00,6.28830000,6.51000000,6.20000000,1391594.00000000
2020-08-29 14:00:00,6.38870000,6.45160000,6.29460000,679789.30000000
2020-08-29 15:00:00,6.35100000,6.44990000,6.34850000,356099.89000000
2020-08-29 16:00:00,6.43550000,6.43890000,6.26780000,401257.93000000
2020-08-29 17:00:00,6.33330000,6.36570000,6.26500000,289313.42000000
2020-08-29 18:00:00,6.27990000,6.37980000,6.27340000,167166.33000000
2020-08-29 19:00:00,6.33680000,6.38460000,6.23140000,351526.74000000
2020-08-29 20:00:00,6.26220000,6.31560000,6.07400000,778450.54000000
2020-08-29 21:00:00,6.13390000,6.25100000,6.13360000,388658.63000000
2020-08-29 22:00:00,6.17520000,6.17520000,6.05000000,831903.73000000
2020-08-29 23:00:00,6.13060000,6.20390000,6.12200000,316999.95000000
2020-08-30 00:00:00,6.13420000,6.19350000,5.90000000,1485171.36000000
2020-08-30 01:00:00,6.01470000,6.01640000,5.88900000,796398.31000000
2020-08-30 02:00:00,5.96080000,6.04540000,5.95780000,398285.54000000
2020-08-30 03:00:00,6.02870000,6.11850000,5.93070000,561298.73000000
2020-08-30 04:00:00,5.96090000,6.03000000,5.92800000,426600.38000000
2020-08-30 05:00:00,5.93790000,6.05880000,5.93770000,528580.33000000
2020-08-30 06:00:00,6.00980000,6.14980000,6.00410000,433368.39000000
2020-08-30 07:00:00,6.07500000,6.07950000,5.97000000,328449.53000000
2020-08-30 08:00:00,5.98270000,6.10250000,5.98270000,381086.13000000
2020-08-30 09:00:00,6.05070000,6.09900000,5.96390000,273141.99000000
2020-08-30 10:00:00,5.98740000,6.07030000,5.84380000,761042.21000000
2020-08-30 11:00:00,5.89140000,5.93340000,5.69990000,1486854.19000000
2020-08-30 12:00:00,5.82850000,5.88880000,5.78130000,649724.49000000
2020-08-30 13:00:00,5.80210000,5.99190000,5.75090000,669083.93000000
2020-08-30 14:00:00,5.89290000,6.05250000,5.89070000,555643.91000000
2020-08-30 15:00:00,6.01280000,6.10950000,5.98720000,354139.55000000
2020-08-30 16:00:00,6.10490000,6.12000000,5.94000000,422199.77000000
2020-08-30 17:00:00,5.98460000,6.01980000,5.86000000,271933.38000000
2020-08-30 18:00:00,5.92000000,5.95890000,5.88300000,200289.62000000
2020-08-30 19:00:00,5.95870000,6.06940000,5.95020000,328456.96000000
2020-08-30 20:00:00,5.95730000,6.05530000,5.84280000,417224.90000000
2020-08-30 21:00:00,5.88750000,5.98000000,5.86490000,255333.30000000
2020-08-30 22:00:00,5.87300000,5.96300000,5.81680000,453815.47000000
2020-08-30 23:00:00,5.91570000,6.03840000,5.90940000,308521.22000000
2020-08-31 00:00:00,5.99990000,6.00000000,5.89000000,248388.38000000
2020-08-31 01:00:00,5.90390000,6.03330000,5.89870000,368071.90000000
2020-08-31 02:00:00,5.96000000,6.01950000,5.91360000,261423.15000000
2020-08-31 03:00:00,5.94530000,5.97310000,5.90100000,230041.38000000
2020-08-31 04:00:00,5.93310000,5.93340000,5.81890000,376163.67000000
2020-08-31 05:00:00,5.86670000,5.91500000,5.75410000,594225.91000000
2020-08-31 06:00:00,5.75880000,5.88010000,5.75550000,520441.04000000
2020-08-31 07:00:00,5.83360000,5.95750000,5.83060000,333171.35000000
2020-08-31 08:00:00,5.89900000,5.95990000,5.86370000,400876.59000000
2020-08-31 09:00:00,5.93380000,5.94110000,5.85500000,365931.38000000
2020-08-31 10:00:00,5.86120000,6.33670000,5.82550000,1676942.65000000
2020-08-31 11:00:00,6.27380000,6.29730000,6.14870000,1256133.27000000
2020-08-31 12:00:00,6.24090000,6.46620000,6.20000000,1725008.86000000
2020-08-31 13:00:00,6.34480000,6.45400000,6.28720000,1119402.29000000
2020-08-31 14:00:00,6.38570000,6.39220000,6.21500000,903248.27000000
2020-08-31 15:00:00,6.35130000,6.36100000,6.23490000,314396.86000000
2020-08-31 16:00:00,6.28280000,6.34510000,6.18200000,305782.21000000
2020-08-31 17:00:00,6.19830000,6.20510000,6.09730000,448910.52000000
2020-08-31 18:00:00,6.13790000,6.19590000,6.09990000,333962.92000000
2020-08-31 19:00:00,6.16720000,6.28910000,6.12010000,417617.05000000
2020-08-31 20:00:00,6.23520000,6.34900000,6.23410000,346238.07000000
2020-08-31 21:00:00,6.27120000,6.28000000,6.12000000,423027.25000000
2020-08-31 22:00:00,6.20000000,6.29140000,6.19460000,320349.16000000
2020-08-31 23:00:00,6.20480000,6.30990000,6.17530000,272896.81000000
2020-09-01 00:00:00,6.30820000,6.67800000,6.29120000,2031393.27000000
2020-09-01 01:00:00,6.56070000,6.58960000,6.46000000,735904.22000000
2020-09-01 02:00:00,6.46020000,6.55380000,6.39850000,477502.70000000
2020-09-01 03:00:00,6.55190000,6.86190000,6.46830000,1598395.11000000
2020-09-01 04:00:00,6.74770000,6.84000000,6.65550000,1056866.12000000
2020-09-01 05:00:00,6.73490000,6.77000000,6.61600000,568665.88000000
2020-09-01 06:00:00,6.70020000,6.76340000,6.55000000,626778.69000000
2020-09-01 07:00:00,6.64190000,6.64190000,6.51490000,626675.62000000
2020-09-01 08:00:00,6.56790000,6.57250000,6.20000000,1179370.70000000
2020-09-01 09:00:00,6.37510000,6.48280000,6.27740000,717192.57000000
2020-09-01 10:00:00,6.37000000,6.45000000,6.31730000,528004.92000000
2020-09-01 11:00:00,6.40850000,6.62000000,6.33000000,659755.34000000
2020-09-01 12:00:00,6.56560000,6.60400000,6.28860000,1082804.64000000
2020-09-01 13:00:00,6.34040000,6.39780000,6.18220000,1103139.89000000
2020-09-01 14:00:00,6.28490000,6.41880000,6.26910000,371749.36000000
2020-09-01 15:00:00,6.41790000,6.45700000,6.33250000,337094.48000000
2020-09-01 16:00:00,6.33510000,6.38230000,6.24400000,286007.80000000
2020-09-01 17:00:00,6.28050000,6.28380000,6.20000000,357608.05000000
2020-09-01 18:00:00,6.25740000,6.36610000,6.24000000,307164.53000000
2020-09-01 19:00:00,6.36470000,6.36470000,6.22920000,331873.63000000
2020-09-01 20:00:00,6.23130000,6.32300000,6.20000000,330044.08000000
2020-09-01 21:00:00,6.24000000,6.44720000,6.22210000,563403.99000000
2020-09-01 22:00:00,6.36880000,6.37630000,6.26000000,255166.36000000
2020-09-01 23:00:00,6.29340000,6.35240000,6.27560000,247078.79000000
2020-09-02 00:00:00,6.31290000,6.37920000,6.22000000,494403.82000000
2020-09-02 01:00:00,6.23980000,6.26050000,6.11330000,697534.68000000
2020-09-02 02:00:00,6.19810000,6.29860000,6.17040000,436178.64000000
2020-09-02 03:00:00,6.27250000,6.30300000,6.17000000,454067.93000000
2020-09-02 04:00:00,6.23090000,6.23460000,6.17230000,305669.18000000
2020-09-02 05:00:00,6.17990000,6.24920000,6.05000000,928099.38000000
2020-09-02 06:00:00,6.12380000,6.19980000,6.10480000,300370.64000000
2020-09-02 07:00:00,6.17550000,6.17830000,5.82170000,1306637.00000000
2020-09-02 08:00:00,5.88080000,5.98000000,5.58000000,2261338.10000000
2020-09-02 09:00:00,5.93680000,6.10900000,5.90000000,1267668.52000000
2020-09-02 10:00:00,5.99360000,6.07990000,5.88000000,737120.20000000
2020-09-02 11:00:00,5.93410000,5.96340000,5.79000000,791366.03000000
2020-09-02 12:00:00,5.84610000,5.96000000,5.83630000,511997.25000000
2020-09-02 13:00:00,5.88310000,5.90000000,5.65000000,766388.42000000
2020-09-02 14:00:00,5.77790000,5.95890000,5.77780000,489825.47000000
2020-09-02 15:00:00,5.95240000,5.98000000,5.82090000,522211.82000000
2020-09-02 16:00:00,5.92340000,6.00210000,5.89140000,290555.43000000
2020-09-02 17:00:00,6.00320000,6.00480000,5.92090000,264346.73000000
2020-09-02 18:00:00,5.97180000,6.06030000,5.95360000,323849.28000000
2020-09-02 19:00:00,6.06090000,6.30000000,6.05780000,896745.30000000
2020-09-02 20:00:00,6.21580000,6.27230000,6.11000000,388477.08000000
2020-09-02 21:00:00,6.13750000,6.23100000,6.10310000,513641.20000000
2020-09-02 22:00:00,6.15390000,6.26610000,6.14270000,319498.60000000
2020-09-02 23:00:00,6.25200000,6.26810000,6.18910000,340048.10000000
2020-09-03 00:00:00,6.22870000,6.25330000,6.07060000,380578.33000000
2020-09-03 01:00:00,6.11080000,6.20000000,5.90300000,774585.20000000
2020-09-03 02:00:00,5.94990000,6.04000000,5.86400000,728162.68000000
2020-09-03 03:00:00,5.93000000,5.98610000,5.79790000,497148.48000000
2020-09-03 04:00:00,5.87910000,6.09660000,5.77900000,602662.20000000
2020-09-03 05:00:00,6.05300000,6.07000000,5.92850000,359444.86000000
2020-09-03 06:00:00,6.00020000,6.15710000,5.96000000,419449.01000000
2020-09-03 07:00:00,6.05140000,6.09660000,5.77000000,832860.88000000
2020-09-03 08:00:00,5.83020000,5.91870000,5.74560000,515441.37000000
2020-09-03 09:00:00,5.78550000,5.87710000,5.54710000,1983562.68000000
2020-09-03 10:00:00,5.86560000,6.20000000,5.79760000,1695984.30000000
2020-09-03 11:00:00,6.12910000,6.33250000,6.06560000,1986535.17000000
2020-09-03 12:00:00,6.15900000,6.20000000,5.84020000,2029815.91000000
2020-09-03 13:00:00,6.11490000,6.30000000,6.05740000,1483318.47000000
2020-09-03 14:00:00,6.16470000,6.29500000,6.11100000,1139050.63000000
2020-09-03 15:00:00,6.21150000,6.23450000,6.06730000,507290.97000000
2020-09-03 16:00:00,6.10900000,6.11800000,5.95000000,827820.33000000
2020-09-03 17:00:00,6.06730000,6.13010000,6.02970000,377127.08000000
2020-09-03 18:00:00,6.03650000,6.06800000,5.91850000,581701.80000000
2020-09-03 19:00:00,6.06000000,6.06000000,5.80000000,654933.31000000
2020-09-03 20:00:00,5.88710000,5.93820000,5.62000000,1689205.95000000
2020-09-03 21:00:00,5.67430000,5.94230000,5.67280000,1058494.14000000
2020-09-03 22:00:00,5.84740000,5.99000000,5.83590000,685626.80000000
2020-09-03 23:00:00,5.85380000,5.87000000,5.70000000,1091283.35000000
2020-09-04 00:00:00,5.86190000,5.88970000,5.73510000,457210.13000000
2020-09-04 01:00:00,5.81900000,5.90000000,5.79050000,548423.87000000
2020-09-04 02:00:00,5.85150000,5.86250000,5.72000000,492560.84000000
2020-09-04 03:00:00,5.79520000,5.86000000,5.70000000,522112.50000000
2020-09-04 04:00:00,5.70020000,5.70570000,5.00000000,3242593.80000000
2020-09-04 05:00:00,5.28950000,5.54180000,5.27250000,2639884.21000000
2020-09-04 06:00:00,5.34930000,5.45280000,5.23440000,2402425.17000000
2020-09-04 07:00:00,5.39600000,5.57000000,5.36340000,1732920.68000000
2020-09-04 08:00:00,5.42980000,5.42980000,5.20000000,800990.13000000
2020-09-04 09:00:00,5.31170000,5.32000000,5.14450000,822152.09000000
2020-09-04 10:00:00,5.30000000,5.37000000,5.12070000,779266.35000000
2020-09-04 11:00:00,5.12810000,5.18020000,4.50000000,3770093.66000000
2020-09-04 12:00:00,4.90800000,4.96080000,4.70300000,1613204.74000000
2020-09-04 13:00:00,4.94310000,5.05860000,4.75000000,1164240.20000000
2020-09-04 14:00:00,5.00960000,5.05000000,4.92730000,471577.91000000
2020-09-04 15:00:00,4.98200000,5.16920000,4.87930000,700905.90000000
2020-09-04 16:00:00,5.13540000,5.36820000,5.05270000,1171616.03000000
2020-09-04 17:00:00,5.31620000,5.33990000,5.22680000,387262.37000000
2020-09-04 18:00:00,5.29460000,5.45000000,5.25010000,743110.65000000
2020-09-04 19:00:00,5.29050000,5.37440000,5.13800000,649455.85000000
2020-09-04 20:00:00,5.18880000,5.21530000,5.05440000,367439.02000000
2020-09-04 21:00:00,5.09870000,5.31470000,5.08580000,431229.76000000
2020-09-04 22:00:00,5.23200000,5.23490000,5.07180000,500919.71000000
2020-09-04 23:00:00,5.12770000,5.20750000,5.10210000,449849.36000000
2020-09-05 00:00:00,5.11190000,5.15570000,5.02600000,437176.89000000
2020-09-05 01:00:00,5.06370000,5.14250000,5.03000000,297366.99000000
2020-09-05 02:00:00,5.07210000,5.11570000,4.97350000,362291.23000000
2020-09-05 03:00:00,4.97290000,5.10290000,4.81210000,1028288.32000000
2020-09-05 04:00:00,4.96460000,5.10930000,4.94750000,575029.16000000
2020-09-05 05:00:00,5.00630000,5.01000000,4.70000000,1169946.52000000
2020-09-05 06:00:00,4.77030000,4.84210000,4.61080000,1195668.62000000
2020-09-05 07:00:00,4.61720000,4.71130000,4.44850000,1494226.22000000
2020-09-05 08:00:00,4.44850000,4.64800000,4.29000000,2407019.83000000
2020-09-05 09:00:00,4.59430000,4.62000000,4.30000000,1820125.38000000
2020-09-05 10:00:00,4.33370000,4.65110000,4.31700000,2492930.36000000
2020-09-05 11:00:00,4.58000000,4.74800000,4.50430000,1001879.48000000
2020-09-05 12:00:00,4.62780000,4.68370000,4.54520000,1809414.77000000
2020-09-05 13:00:00,4.61230000,4.68590000,4.31030000,1319844.78000000
2020-09-05 14:00:00,4.48750000,4.56090000,4.06200000,2143284.43000000
2020-09-05 15:00:00,4.14790000,4.21400000,3.53210000,4521712.56000000
2020-09-05 16:00:00,3.89950000,4.08000000,3.55000000,2738854.48000000
2020-09-05 17:00:00,3.94810000,4.18880000,3.81500000,1536885.01000000
2020-09-05 18:00:00,4.13040000,4.30800000,4.07010000,1020721.34000000
2020-09-05 19:00:00,4.19990000,4.30000000,3.89210000,1172597.55000000
2020-09-05 20:00:00,3.91600000,4.17440000,3.87000000,864039.56000000
2020-09-05 21:00:00,4.14560000,4.27760000,4.08120000,815745.25000000
2020-09-05 22:00:00,4.10830000,4.11490000,3.87900000,804982.84000000
2020-09-05 23:00:00,3.89130000,4.00570000,3.79000000,983343.62000000
2020-09-06 00:00:00,3.97160000,4.03390000,3.88000000,593291.22000000
2020-09-06 01:00:00,3.88330000,3.98000000,3.81940000,1115380.73000000
2020-09-06 02:00:00,3.86040000,4.00000000,3.72980000,897013.17000000
2020-09-06 03:00:00,3.96560000,4.15980000,3.90550000,731886.14000000
2020-09-06 04:00:00,4.09000000,4.43000000,4.01000000,1500301.58000000
2020-09-06 05:00:00,4.40010000,4.56000000,4.28000000,1884963.52000000
2020-09-06 06:00:00,4.47580000,4.58870000,4.35870000,1226593.80000000
2020-09-06 07:00:00,4.42740000,4.52390000,4.26920000,991665.33000000
2020-09-06 08:00:00,4.49900000,4.83940000,4.42130000,1408253.50000000
2020-09-06 09:00:00,4.79450000,4.91200000,4.61000000,1833604.92000000
2020-09-06 10:00:00,4.63840000,4.79000000,4.52620000,1221356.21000000
2020-09-06 11:00:00,4.70000000,4.75580000,4.43300000,1209435.09000000
2020-09-06 12:00:00,4.59040000,4.68110000,4.40010000,1450037.17000000
2020-09-06 13:00:00,4.54750000,4.78000000,4.45000000,864045.58000000
2020-09-06 14:00:00,4.72990000,4.74890000,4.56000000,520629.97000000
2020-09-06 15:00:00,4.67650000,4.75730000,4.58280000,547326.56000000
2020-09-06 16:00:00,4.74590000,4.80520000,4.65000000,716775.95000000
2020-09-06 17:00:00,4.75940000,4.86000000,4.73010000,555776.42000000
2020-09-06 18:00:00,4.81430000,4.92100000,4.75000000,758904.24000000
2020-09-06 19:00:00,4.82300000,4.85030000,4.63000000,681118.86000000
2020-09-06 20:00:00,4.72440000,4.86620000,4.70000000,296262.87000000
2020-09-06 21:00:00,4.78490000,4.83670000,4.69200000,422654.44000000
2020-09-06 22:00:00,4.70210000,4.77490000,4.70000000,229874.39000000
2020-09-06 23:00:00,4.74900000,4.75000000,4.53290000,643707.91000000
2020-09-07 00:00:00,4.54540000,4.62060000,4.50940000,659137.33000000
2020-09-07 01:00:00,4.56530000,4.59750000,4.37000000,755554.73000000
2020-09-07 02:00:00,4.47090000,4.52540000,4.32260000,1145042.95000000
2020-09-07 03:00:00,4.35690000,4.44420000,4.32800000,551200.44000000
2020-09-07 04:00:00,4.35820000,4.60000000,4.31140000,595005.34000000
2020-09-07 05:00:00,4.46430000,4.57950000,4.43000000,604469.33000000
2020-09-07 06:00:00,4.44700000,4.48000000,4.36990000,462787.54000000
2020-09-07 07:00:00,4.38000000,4.41790000,4.27900000,495104.41000000
2020-09-07 08:00:00,4.30020000,4.43940000,4.17100000,1520421.18000000
2020-09-07 09:00:00,4.21910000,4.26920000,4.00100000,1750113.52000000
2020-09-07 10:00:00,4.11670000,4.40940000,4.03710000,1531589.49000000
2020-09-07 11:00:00,4.38410000,4.39680000,4.25440000,600324.30000000
2020-09-07 12:00:00,4.28990000,4.53000000,4.25620000,810352.95000000
2020-09-07 13:00:00,4.44490000,4.59000000,4.42600000,713027.86000000
2020-09-07 14:00:00,4.47510000,4.50970000,4.40200000,296469.81000000
2020-09-07 15:00:00,4.48010000,4.53980000,4.41000000,303690.56000000
2020-09-07 16:00:00,4.41510000,4.48950000,4.32790000,370321.60000000
2020-09-07 17:00:00,4.34740000,4.38830000,4.29250000,288102.86000000
2020-09-07 18:00:00,4.37440000,4.44540000,4.34820000,269028.96000000
2020-09-07 19:00:00,4.38550000,4.65000000,4.38550000,649061.42000000
2020-09-07 20:00:00,4.60790000,4.66200000,4.57500000,422570.50000000
2020-09-07 21:00:00,4.59670000,4.63390000,4.49000000,628936.05000000
2020-09-07 22:00:00,4.50460000,4.55150000,4.46670000,335395.89000000
2020-09-07 23:00:00,4.47920000,4.55000000,4.47000000,194785.04000000
2020-09-08 00:00:00,4.51270000,4.61480000,4.50470000,363569.38000000
2020-09-08 01:00:00,4.54010000,4.58100000,4.43360000,247488.06000000
2020-09-08 02:00:00,4.46790000,4.48460000,4.37000000,447363.53000000
2020-09-08 03:00:00,4.39900000,4.50340000,4.37690000,289829.64000000
2020-09-08 04:00:00,4.48940000,4.49760000,4.41540000,292855.58000000
2020-09-08 05:00:00,4.42970000,4.49000000,4.30500000,561922.59000000
2020-09-08 06:00:00,4.36060000,4.36410000,4.15210000,639147.54000000
2020-09-08 07:00:00,4.17380000,4.28560000,4.13500000,661105.70000000
2020-09-08 08:00:00,4.25370000,4.29460000,4.15500000,604213.46000000
2020-09-08 09:00:00,4.24010000,4.32600000,4.20000000,501507.38000000
2020-09-08 10:00:00,4.28000000,4.30400000,4.14100000,849528.35000000
2020-09-08 11:00:00,4.22010000,4.42000000,4.20630000,900730.34000000
2020-09-08 12:00:00,4.36780000,4.40500000,4.30110000,397909.76000000
2020-09-08 13:00:00,4.32170000,4.40000000,4.30000000,264143.31000000
2020-09-08 14:00:00,4.39890000,4.39890000,4.32200000,214049.57000000
2020-09-08 15:00:00,4.38160000,4.39000000,4.22190000,385103.60000000
